,DecayMethod,Time,Precision,Accuracy
0,GeomDecay,0.6979058999568224,0.6017274472168906,0.6359729895641498
1,ExpDecay,3.016932300059125,0.5246422893481717,0.5248618784530387
2,ArithDecay,2.9816449000500143,0.543801652892562,0.570902394106814
