,,time,precision,accuracy
0,1,5.6148085000459105,0.6433756805807622,0.6998158379373849
1,3,8.480726400157437,0.6433756805807622,0.6998158379373849
2,5,17.395247499924153,0.6433756805807622,0.6998158379373849
3,7,29.833584599895403,0.6433756805807622,0.6998158379373849
4,9,37.014132599812,0.6433756805807622,0.6998158379373849
5,11,41.12988630007021,0.6852425180598555,0.7262124002455494
6,13,34.71249169996008,0.6852425180598555,0.7262124002455494
